

{
    "pageNumber": 1,
    "pageSize": 100,
    "totalPages": 1,
    "totalCount": 7,
    "data": [
        {
            "id": 7306468305178500,
            "title": "陈工，24.7.3校准证书添加如上信息后，重新上传，麻烦再次审批，谢谢！",
            "commentCount": 1,
            "commentAttachments": [],
            "accessLevel": "ADMIN",
            "readOnly": false,
            "lastCommentedAt": "2024-07-03T02:23:00Z",
            "lastCommentedUser": {
                "name": "chuanhai lu",
                "email": "heyongyong@qzmx.com.cn"
            },
            "createdBy": {
                "name": "chuanhai lu",
                "email": "heyongyong@qzmx.com.cn"
            }
        },
        {
            "id": 2802868677808004,
            "title": "1. T2探头仅批准用于免疫分析仪温度测量，符合技术指标要求；",
            "commentCount": 1,
            "commentAttachments": [],
            "accessLevel": "ADMIN",
            "readOnly": false,
            "lastCommentedAt": "2024-06-25T01:12:19Z",
            "lastCommentedUser": {
                "name": "Bo Chen",
                "email": "bo.chen@roche.com"
            },
            "createdBy": {
                "name": "Bo Chen",
                "email": "bo.chen@roche.com"
            }
        },
        {
            "id": 5054668491493252,
            "title": "1. T1通道探头仅批准用于免疫分析仪温度测量，符合技术指标要求；",
            "commentCount": 1,
            "commentAttachments": [],
            "accessLevel": "ADMIN",
            "readOnly": false,
            "lastCommentedAt": "2023-09-11T09:12:21Z",
            "lastCommentedUser": {
                "name": "Bo Chen",
                "email": "bo.chen@roche.com"
            },
            "createdBy": {
                "name": "Bo Chen",
                "email": "bo.chen@roche.com"
            }
        },
        {
            "id": 551068864122756,
            "title": "陈工，校准证书添加如上信息后，重新上传，麻烦再次审批，谢谢！",
            "commentCount": 1,
            "commentAttachments": [],
            "accessLevel": "ADMIN",
            "readOnly": false,
            "lastCommentedAt": "2023-09-11T08:34:01Z",
            "lastCommentedUser": {
                "name": "chuanhai lu",
                "email": "heyongyong@qzmx.com.cn"
            },
            "createdBy": {
                "name": "chuanhai lu",
                "email": "heyongyong@qzmx.com.cn"
            }
        },
        {
            "id": 8713843188731780,
            "title": "1. T1通道探头仅批准用于免疫分析仪温度测量，符合技术指标要求；",
            "commentCount": 1,
            "commentAttachments": [],
            "accessLevel": "ADMIN",
            "readOnly": false,
            "lastCommentedAt": "2023-09-05T03:33:18Z",
            "lastCommentedUser": {
                "name": "Bo Chen",
                "email": "bo.chen@roche.com"
            },
            "createdBy": {
                "name": "Bo Chen",
                "email": "bo.chen@roche.com"
            }
        },
        {
            "id": 4210243561361284,
            "title": "1. T2通道探头仅批准用于免疫分析仪温度测量，符合技术指标要求；",
            "commentCount": 1,
            "commentAttachments": [],
            "accessLevel": "ADMIN",
            "readOnly": false,
            "lastCommentedAt": "2022-09-15T00:47:45Z",
            "lastCommentedUser": {
                "name": "Bo Chen",
                "email": "bo.chen@roche.com"
            },
            "createdBy": {
                "name": "Bo Chen",
                "email": "bo.chen@roche.com"
            }
        },
        {
            "id": 6462043375046532,
            "title": "1. T2通道探头仅批准用于免疫分析仪温度测量，符合技术指标要求；",
            "commentCount": 1,
            "commentAttachments": [],
            "accessLevel": "ADMIN",
            "readOnly": false,
            "lastCommentedAt": "2022-07-18T09:20:21Z",
            "lastCommentedUser": {
                "name": "Bo Chen",
                "email": "bo.chen@roche.com"
            },
            "createdBy": {
                "name": "Bo Chen",
                "email": "bo.chen@roche.com"
            }
        }
    ]
}