{
  "9644387743": {
    "comments": [
      null,
      null,
      null,
      null,
      null,
      null,
      null
    ],
    "logs": [
      "✅ Uploaded comment ID: 7306468305178500",
      "✅ Uploaded comment ID: 2802868677808004",
      "✅ Uploaded comment ID: 5054668491493252",
      "✅ Uploaded comment ID: 551068864122756",
      "✅ Uploaded comment ID: 8713843188731780",
      "✅ Uploaded comment ID: 4210243561361284",
      "✅ Uploaded comment ID: 6462043375046532"
    ]
  },
  "9644388178": {
    "comments": [
      null,
      null
    ],
    "logs": [
      "✅ Uploaded comment ID: 3084343654518660",
      "✅ Uploaded comment ID: 5336143468203908"
    ]
  },
  "9647391150": {
    "comments": [
      null,
      null
    ],
    "logs": [
      "✅ Uploaded comment ID: 8995318165442436",
      "✅ Uploaded comment ID: 4491718538071940"
    ]
  },
  "9647399003": {
    "comments": [
      null,
      null
    ],
    "logs": [
      "✅ Uploaded comment ID: 2239918724386692",
      "✅ Uploaded comment ID: 6743518351757188"
    ]
  },
  "9620374149": {
    "comments": [
      null,
      null
    ],
    "logs": [
      "✅ Uploaded comment ID: 2943606166163332",
      "✅ Uploaded comment ID: 5195405979848580"
    ]
  }
}